{
    "$schema": "https://schema.management.azure.com/schemas/2019-04-01/deploymentTemplate.json#",
    "contentVersion": "1.0.0.0",
    "parameters": { 
        "name": {
            "type": "string",
            "defaultValue": "mystor",
            "metadata": {
                "description": "description"
            }
        },
        "location": {
            "type": "string",
            "defaultValue": "[resourceGroup().location]",
            "metadata": {
                "description": "description"
            }
        }
    },
    "variables": { 
        "storageAccountName": "[concat(parameters('name'), uniqueString(resourceGroup().id))]"
    },
    "resources": [ 
        {
            "name": "[variables('storageAccountName')]",
            "type": "Microsoft.Storage/storageAccounts",
            "apiVersion": "2021-04-01",
            "tags": {
                "displayName": "storageaccount1"
            },
            "location": "[parameters('location')]",
            "kind": "StorageV2",
            "sku": {
                "name": "Standard_LRS",
                "tier": "Standard"
            }
        }
    ],
    "outputs": {
        "storageAccountName": {
            "type": "string",
            "value": "[variables('storageAccountName')]"
        }
    }
}